﻿Designator,Footprint,Quantity,Value,LCSC Part #
BZ1,BUZ-SMD_FST-5030,1,Buzzer,
"C1, C10, C100, C101, C103, C104, C13, C14, C19, C20, C22, C24, C28, C29, C33, C37, C41, C45, C46, C47, C48, C49, C5, C51, C52, C58, C59, C60, C61, C62, C64, C65, C7, C71, C72, C73, C74, C75, C77, C78, C8, C84, C85, C86, C87, C88, C9, C90, C91, C97, C98, C99",0402,52,100n,
"C102, C21, C50, C63, C76, C89",0603,6,1u,
C105,0402,1,10n,
"C106, C107",0402,2,0.22u,
"C11, C12, C16, C27, C30, C44, C54, C57, C67, C70, C80, C83, C93, C96",0402,14,10p,
"C15, C26, C35, C36, C53, C66, C79, C92",0603,8,2.2u,
"C17, C18, C23, C25, C3, C4, C55, C56, C68, C69, C81, C82, C94, C95",0402,14,15p,
"C2, C31, C32, C39, C40",0805,5,10u,
"C34, C38, C42, C43",0805,4,22u,
C6,0402,1,1u,
"D1, D11, D13, D15, D17, D2, D4, D6, D9",0603,9,LED,
"D10, D12, D14, D16, D18, D7, D8",LED_WS2812B-2020_PLCC4_2.0x2.0mm,7,WS2812B-2020,
"D3, D5",D_SOD-323,2,D_Schottky,
FB1,0603,1,600,
"FB2, FB3, FB4, FB5, FB6, FB7",0402,6,600,
"HSE1, HSE2, HSE3, HSE4, HSE5, HSE6, HSE7",Crystal_SMD_Abracon_ABM8G-4Pin_3.2x2.5mm,7,25MHz,
"J10, J13, J16, J19, J22, J7",TE_2199119-4,6,MICROMOD-2222-C,
"J11, J14, J17, J20, J23, J8",USB_C_Receptacle_G-Switch_GT-USB-7051x,6,USB_C_Receptacle_USB2.0_16P,
J2,microSD_HC_Molex_47219-2001,1,Micro_SD_Card,
J3,USB_C_Receptacle_G-Switch_GT-USB-7010ASV,1,USB_C_Receptacle_USB2.0_16P,
J4,AMASS_XT30PW-M_1x02_P2.50mm_Horizontal,1,XT30PW-M,
J5,JST_SH_SM04B-SRSS-TB_1x04-1MP_P1.00mm_Horizontal,1,SM04B-SRSS-TB,
L2,L_Changjiang_FNR4030S,1,3.3u,
L3,L_Changjiang_FXL0420,1,4.7u,
"MP1, MP2, MP3, MP4, MP5, MP6",WA-SMSI_9774025151,6,~,
Q1,SOT-23,1,AO3401A,
Q2,SOT-23,1,S8050,
"R1, R13, R26, R44, R53, R62, R71",0402,7,620,
"R10, R12, R14, R15, R17, R2, R21, R31, R32, R33, R34, R35, R4, R40, R41, R45, R49, R5, R50, R54, R58, R59, R63, R67, R68, R72, R76, R77, R84",0402,29,10k,
"R11, R20, R3, R36, R37, R46, R55, R64, R73",0603,9,2.2k,
R16,0402,1,33.2k,
"R18, R19, R38, R39, R47, R48, R56, R57, R6, R65, R66, R7, R74, R75, R82, R83",0402,16,5.1k,
"R22, R23, R24, R25, R29, R30, R42, R43, R51, R52, R60, R61, R69, R70, R78, R79, R80, R81",0402,18,4.7k,
R27,0402,1,54.9k,
R28,2512,1,0.01,
R8,0603,1,100k,
R9,0402,1,1k,
SW1,SW_CJS-1200TA,1,SW_DPST,
"SW10, SW12, SW14, SW4, SW6, SW8",SW_CJS-1200TA,6,SW_SPDT,
"SW11, SW13, SW2, SW3, SW5, SW7, SW9",SW_SPST_B3U-1000P,7,SW_DPST,
"TP1, TP2",TestPoint_Pad_D1.0mm,2,I2C1,
"TP10, TP11, TP9",TestPoint_Pad_D1.0mm,3,SPI2,
TP12,TestPoint_Pad_D1.0mm,1,CS1,
TP13,TestPoint_Pad_D1.0mm,1,CS3,
"TP14, TP15, TP16, TP17",TestPoint_Pad_D1.0mm,4,flsh3,
"TP18, TP21",TestPoint_Pad_D1.0mm,2,RF3,
"TP19, TP24, TP28, TP32",TestPoint_Pad_D1.0mm,4,flsh1,
TP20,TestPoint_Pad_D1.0mm,1,CS2,
TP22,TestPoint_Pad_D1.0mm,1,CS4,
"TP23, TP26, TP27, TP34",TestPoint_Pad_D1.0mm,4,flsh4,
"TP25, TP29, TP33, TP35",TestPoint_Pad_D1.0mm,4,flsh2,
"TP3, TP4",TestPoint_Pad_D1.0mm,2,I2C2,
"TP30, TP31",TestPoint_Pad_D1.0mm,2,RF1,
"TP36, TP90",TestPoint_Pad_D1.0mm,2,RF2,
"TP37, TP38",TestPoint_Pad_D1.0mm,2,RF4,
TP39,TestPoint_Pad_D1.0mm,1,CS5,
"TP40, TP41, TP42, TP43",TestPoint_Pad_D1.0mm,4,flsh5,
"TP44, TP45",TestPoint_Pad_D1.0mm,2,RF5,
TP46,TestPoint_Pad_D1.0mm,1,CS6,
"TP47, TP48, TP49, TP50",TestPoint_Pad_D1.0mm,4,flsh6,
"TP5, TP6, TP7, TP8",TestPoint_Pad_D1.0mm,4,SPI1,
"TP51, TP52",TestPoint_Pad_D1.0mm,2,RF6,
U1,LQFP-64_10x10mm_P0.5mm,1,STM32F405RGTx,
"U10, U12, U15, U18, U24, U3, U8",SOIC-8_5.3x5.3mm_P1.27mm,7,W25Q128JVS,
"U11, U14, U17, U2, U20, U23, U6",SOT-23-6,7,USBLC6-2SC6,
"U13, U16, U19, U22, U4, U5",QFN-48-1EP_7x7mm_P0.5mm_EP5.6x5.6mm,6,STM32F411CEUx,
"U25, U26",SOT-23-6_Handsoldering,2,TPS562200,
U7,InvenSense_QFN-24_4x4mm_P0.5mm,1,MPU-6050,
U9,SOT-23-8,1,INA219AxDCN,
"VBAT1, VBUS1, VIN1",TestPoint_Pad_D1.5mm,3,TestPoint,
"Y1, Y2, Y3, Y4, Y5, Y6, Y7",Crystal_SMD_3215-2Pin_3.2x1.5mm,7,32.768kHz,
